<?xml version="1.0" encoding="UTF-8"?>
<project-private xmlns="http://www.netbeans.org/ns/project-private/1">
    <editor-bookmarks xmlns="http://www.netbeans.org/ns/editor-bookmarks/2" lastBookmarkId="0"/>
    <open-files xmlns="http://www.netbeans.org/ns/projectui-open-files/2">
        <group>
            <file>file:/C:/xampp/htdocs/Lalos_ErgasiaCinema/admin_registration.php</file>
            <file>file:/C:/xampp/htdocs/Lalos_ErgasiaCinema/delete_movie.php</file>
            <file>file:/C:/xampp/htdocs/Lalos_ErgasiaCinema/loginSite.php</file>
            <file>file:/C:/xampp/htdocs/Lalos_ErgasiaCinema/Movie.php</file>
            <file>file:/C:/xampp/htdocs/Lalos_ErgasiaCinema/admin.php</file>
            <file>file:/C:/xampp/htdocs/Lalos_ErgasiaCinema/insert_movie.php</file>
            <file>file:/C:/xampp/htdocs/Lalos_ErgasiaCinema/Ταινιες.php</file>
            <file>file:/C:/xampp/htdocs/Lalos_ErgasiaCinema/registerAdminSite.php</file>
            <file>file:/C:/xampp/htdocs/Lalos_ErgasiaCinema/delete_shortly.php</file>
            <file>file:/C:/xampp/htdocs/Lalos_ErgasiaCinema/insert_shortly.php</file>
            <file>file:/C:/xampp/htdocs/Lalos_ErgasiaCinema/registerSite.php</file>
        </group>
    </open-files>
</project-private>
